{
  "title_rouge2_f1": 0.25480675783448586,
  "title_rougeL_f1": 0.3871078088091672,
  "title_bertscore_f1": 0.7655565142631531,
  "lead_rouge2_f1": 0.24847790420417498,
  "lead_rougeL_f1": 0.3607817565682367,
  "lead_bertscore_f1": 0.7525246739387512,
  "rows": 42
}