{
  "title_rouge2_f1": 0.28070523129820507,
  "title_rougeL_f1": 0.4033035465587802,
  "title_bertscore_f1": 0.7698999047279358,
  "lead_rouge2_f1": 0.23506376505466417,
  "lead_rougeL_f1": 0.35012878680722237,
  "lead_bertscore_f1": 0.7450718879699707,
  "rows": 42
}