{
  "title_rouge2_f1": 0.2667869720692983,
  "title_rougeL_f1": 0.4038735030570782,
  "title_bertscore_f1": 0.7678035497665405,
  "lead_rouge2_f1": 0.2182772975443923,
  "lead_rougeL_f1": 0.33979461779463566,
  "lead_bertscore_f1": 0.7413220405578613,
  "rows": 42
}